,text
0,wakil gubernur bal nyoman giri prasta apresiasi lantik urus pwi bal periode
1,duga intimidasi jurnalis jawa pos radar bal andre sorot nasihat hukum perhati pers lindung bebas pers pilar demokrasi ganggu
2,bungkam media tanda sakit demokrasi
3,ruu siar susun komdigi nezar patria bukti perintah pro bebas pers
4,nezar patria wamenkomdigi perintah gak campur ruang redaksi ruu siar
5,redaksi tenang komdigi nezar patria komitmen kuat jaga ruang kritis pers ruu siar
6,ruu siar hadir kuat bebas pers nezar patria komdigi pastiin redaksi lindung
7,ruu siar komdigi arah nezar patria tetep buka ruang kreativitas bebas redaksi
8,perintah komdigi nezar patria percaya pers bebas kunci maju bangsa ruu siar
9,komitmen perintah wamenkomdigi teguh redaksi merdeka berita ruu siar
10,komitmen komdigi nezar patria ruu siar redaksi maju takut
11,perintah wamenkomdigi nezar patria redaksi independent ruu siar
12,ruu siar komdigi nezar patria tetep konsisten dukung bebas redaksi
13,nezar patria kalo ruu siar jaga ranah redaksi intervensi perintah
14,perintah komdigi nezar patria sepakat bebas pers landas utama atur ruu siar
15,ruu siar komdigi alat kontrol nezar patria redaksi maju bebas kreasi
16,komdigi nezar patria pasti bebas pers lindung revisi atur ruu siar
17,nezar patria jamin perintah dikte redaksi ruu siar bebas pers aman
18,ruu siar komdigi nezar patria desain redaksi bebas pikir
19,bebas pers ruu siar janji kosong komdigi nezar patria garda depan
20,nezar patria komdigi media hilang independensi ruu siar
21,redaksi nggak takut ruu siar komdigi nezar patria pasti track
22,nezar patria bilang ruu siar ancam bebas pers lindung jurnalis
23,ruu siar kawal nezar patria bukti perintah serius bebas pers redaksi ruang seluasluasnya
24,nezar patria komdigi pasti atur bikin hubung media perintah harmonis
25,komdigi nezar patria yakin publik bebas pers guarantee utama ruu siar redaksi khawatir
26,ruu siar versi komdigi dukung bebas redaksi nezar patria konstruktif
27,nezar patria bukabukaan ruu siar perintah nggak niat bungkam redaksi
28,komdigi bareng nezar patria bilang media khawatir ruu siar tetep jaga bebas pers
29,nezar patria pasti ruu siar hak media kritis lindung komdigi
30,biar komdigi nezar patria tegas ruu siar nggak bikin redaksi batas
31,komdigi dengerin suara media nezar patria ruu siar limitasi pers
32,komdigi nezar patria pegang teguh nilai bebas pers atur ruu siar intervensi redaksi
33,ruu siar baru prinsip bebas pers versi komdigi nezar patria nggak ubah
34,ruu siar komdigi alat batas bebas nezar patria lindung
35,bebas pers jamin komdigi nezar patria dengerin redaksi ruu siar
36,bebas pers lindung ruu siar komdigi nezar patria redaksi nggak khawatir
37,publik butuh klarifikasi fakta suara sensasional podium
38,israel luncur serang udara teheran kali hantam kantor siar irinn tayang siar langsung
39,dpr tegas lindung jurnalistik prioritas ruu siar jamin bebas pers aman jurnalis jalan tugas suara benar sinar
40,wartawan gelar aksi kantor wali kota padangsidimpuan protes mangkas anggar media
41,catat negara kawasan alami turun skor indeks bebas pers cermin sempit ruang bebas pers akibat faktor
42,bebas pers jatuh langit bebas pers juang ide esai baru evi mariani
43,hapus artikel jenderal jabat sipil detikcom rekomendasi dewan pers alas aman tulis potensi tekan bebas pers kritik aman negara demokrasi
44,kmren milih tanggung bilang aja bilang tni gak ngaruh tuh kepala kepala ganti ama tni anak bangsa nganggur jabat gaji dobel
45,tulis ancam demokrasi diujipenulis detikcom aku tekan tulis opini kritisdewan pers kecam keras lindung suara kritis hindar intimidasi
46,demokrat sorot jurnalis jak hinca tetap sangka berita ganggu transparansi hukum bebas pers hormat
47,tantang pers dahlan dahi bebas jurnalisme tumpu media sehat financial
48,bebas pers mari satu tahan benar bela suara bungkam
49,media alat promosi fungsi awas kuasa moles citra positif bentuk sensor tindak nyata lapang tayang negatif larang publik baik
50,ahy media sehat demokrasi sehat media sehat ruang demokrasi sehat tum ahy media awal benar adil
51,selamat tugas anggota dewan pers periode terima kasih anggota dewan pers periode kolaborasi jalin
52,komar nilai jembatan dunia redaksi amp regulasi moderasi cerdas jejaring kuat utama
53,lapor reporters without borders rsf skor bebas pers indonesia the world press freedom index capai poin
54,intimidasi jurnalis liput tragedi manusia bentuk langgar serius bebas pers butuh jamin peristiwa ulang maaf viral bondowoso
55,ganggu kerjakerja jurnalistik pasalpasal karet regulasi perintah usaha serang kriminalisasi bela ham jurnalis kritis
56,tetap direktur berita jaktv sangka nilai ancam bebas pers
57,komisi jaksa tegas revisi hap ancam bebas pers profesional
58,perhati guys jaga imbang hukum bebas pers indonesia pantau aja yes kembang
59,diskusi publik lawan teror jurnalis media indonesia taman ismail marzuki jakarta minggu mei wib batas daftar
60,serang angka alarm keras ruang aman pers ancam lengkap baca
61,proses hukum direktur berita jak mantik diskusi batas kerja jurnalistik amp duga obstruction justice imbang bebas pers tega hukum
62,surat buka dubes rusia dewan pers indonesia sorot duga intervensi asing hapus artikel jurnalis rri retno mandasari zaporozhye
63,aliansi jurnalis tolak wacana beri rumah subsidi khusus wartawan salur perintah
64,asosiasi profesi wartawan tolak program rumah subsidi untuk jurnalis perintah
65,wawancara buka jurnalis demokrat tegas presiden prabowo dukung bebas pers
66,prabowo antidemokrasi bang bilang presiden dukung bebas pers beliau udah ketemu wakil grup media buktiin komitmen pers nanya aja sensor
67,keras jurnalis ancam bebas pers amp demokrasi kamera amp catat senjata alat juang benar lindung jurnalis
68,objektif mari jaga bebas pers awas demokrasi suara rakyat media bebas kunci indonesia transparan adil
69,akademisi fakultas hukum universitas pamulang halimah humayrah tuanaya nilai ulang keras hap jurnalis ancam serius demokrasi indonesia
70,video tiktokreporterngapak sumber tempo
71,irfan desak polri bertanggungjawab proses oknum libat insiden sesuai prosedur laku
72,media bebas liput takut dihalanghalangi
73,ruu siar ekang informasi masyarakat
74,salah paham ruu siar dukung bebas pers atur ukur
75,ruu siar jaga bebas pers koridor tanggung imbang
76,khawatir ruu siar hadir lindung ancam bebas pers cinta
77,ruu siar upaya kuat bebas pers
78,takut ruu siar batas benah
79,ruu siar ancam langkah positif kuat kualitas media bebas pers
80,ruu siar ekang bebas pers jaga agam informasi kualitas
81,ruu siar dorong bebas pers sehat tanggung masyarakat cerdas
82,baca lengkap tulis khoir nurul his desainer silvia aidha rohma
83,teror bangkai hewan alami tempo bentuk langgar ham serius komnas ham tindak upaya bungkam bebas pers baca artikel lengkap
84,komnas ham teror kepala babi tempo langgar hak asasi manusia
85,tanggap pedas mahfud kirim potong kepala babi redaksi tempo
86,dukung penuh perintah lindung bebas pers merdeka ekspres hak publik informasi
87,kritik bangun terima perintah hormat bebas pers kontrol sosial maju negara
88,suara rakyat dengar bebas pers jamin dukung buka informasi demokrasi sehat
89,informasi transparan bebas pers jamin masyarakat berita jujur tanggung
90,demokrasi maju bebas pers kuat dorong diskusi publik sehat imbang
91,bebas ekspres jamin perintah dukung media independen demokrasi kokoh
92,pers tekan perintah media intervensi junjung etika jurnalistik
93,jurnalis aman berita kualitas perintah jamin lindung insan pers jalan tugas
94,ancam tempo selidik bareskrim usut duga teror kepala babi upaya bungkam pers pesan selubung
95,ahy sayang teror jurnalis tempo ahy bebas ekspres demokrasi batas hukum etika beda dapat wajar mari hadap bijak
96,bilang kirim kepala babi bangkai tikus kantor tempo bilang teror pala kau
97,kantor berita tempo wartawan nya lepas bredel cekal perintah kuasa rezim presiden soekarno gus dur tempo mulus jalan kerja jurnalisme nya sisa masalah
98,juang mba cica
99,lari ngak kenal capek diganis finish gangguin perjalananan
100,tempo teror ancam bebas pers kirim kepala babi bangkai tikus kepalaa penggal picu khawatir upaya pasung suara kritik media
101,kepala kantor komunikasi presiden hasan nasbi aku dukung bebas pers kantor tempo teror paket isi kepala babi enam bangkai tikus
102,bebas pers tegak dasar landas jurnalis indonesia
103,kapolri janji usut tuntas teror redaksi tempo
104,teror tempo lanjut kirim bangkai tikus temu kantor redaksi
105,kepala komunikasi presiden tanggap teror kepala babi kantor redaksi tempo masak
106,teror kepala babi jurnalis tempo konsorsium jurnalisme aman desak perintah lindung bebas pers
107,situasi ironi bebas pers junjung yuk baca berita lengkap
108,puisi baik keluh suara rakyat amp mahasiswa sastra baik opini tulis wartawan
109,serang molotov kantor redaksi jubi papua tambah daftar keras pers mari solidaritas bebas pers lindung jurnalis negeri
110,ria matiin keroyok wartawan pwi kabupaten bogor teror kait berita
111,hubung bebas dapat ekspres hak privasi isu kompleks konteks hukum hak asasi manusia praktik hak imbang lengkap baca
112,thread panas kapolda sulsel wartawan gimana nih insight tambah yuk share reply
113,gaes panas nih kapolda sulsel irjen pol andi rian djajadi tuduh intimidasi wartawan gimana cerita yuk bahas
114,mari dukung jurnalis berani bicara benar garda depan informasi lindung lindung hak benar
115,keras jurnalis dampak buruk demokrasi pers bebas berani salah pilar utama demokrasi serang jurnalis serang demokrasi
116,jurnalis kali garis suara benar jarang sasar intimidasi ancam serang fisik hukum institusi kait tindak sikap
117,jurnalis alami intimidasi ancam amp serang hukum tindak thread
118,ironi merdeka pers bungkam digital merdeka pers indonesia hadap tantang serius keras wartawan via
119,tinggal paham situasi khawatir baca artikel lengkap link
120,revisi siar jaga bebas pers tekan
121,revisi siar jaga hak masyarakat informasi
122,revisi siar bantu jurnalis benar
123,investigasi leluasa revisi siar
124,revisi siar dukung berita investigasi keren
125,revisi siar dorong bebas ekspres media
126,revisi siar dukung bebas jurnalis ungkap fakta
127,investigasi lancar revisi siar
128,revisi siar jaga bebas ekspres media
129,revisi siar dukung kembang jurnalisme investigatif
130,investigasi jurnalis harga revisi siar
131,revisi siar jaga transparansi akuntabilitas
132,revisi siar pasti berita investigasi batas
133,revisi siar dukung hak jurnalis investigasi
134,revisi siar aman jurnalis
135,revisi siar bikin investigasi pede
136,revisi siar dukung penuh bebas jurnalis
137,revisi siar bikin media nggak takut investigasi
138,revisi siar lindung hak jurnalis berita
139,media bebas investigasi revisi siar
140,revisi siar jaga transparansi akuntabilitas
141,revisi siar bantu jurnalis jaga integritas berita
142,jurnalis bebas berkat revisi siar
143,revisi siar support penuh investigasi jurnalis
144,revisi siar tingkat kualitas jurnalistik indonesia
145,revisi siar lindung bebas pers sepenuh
146,revisi siar dukung pers bebas independen
147,revisi siar bikin investigasi berani
148,revisi siar pasti bebas pers nggak batas
149,revisi siar cipta iklim kerja bebas jurnalis
150,revisi siar dukung kembang jurnalisme investigatif
151,revisi siar jaga hak jurnalis
152,revisi siar jaga transparansi berita
153,revisi siar bantu jurnalis benar
154,revisi siar bantu jurnalis benar batas
155,revisi siar tingkat kredibilitas jurnalis
156,revisi siar sempat jurnalis eksplorasi isu
157,revisi siar dukung penuh jurnalisme investigatif
158,revisi siar dukung kembang jurnalisme investigatif
159,revisi siar dukung investigasi dalam media
160,investigasi seru revisi siar
161,revisi siar kuat fondasi jurnalisme profesional
162,revisi siar dukung penuh investigasi media
163,revisi siar pasti bebas pers nggak batas
164,revisi siar berita investigasi boleh
165,revisi siar cipta suasana kerja aman media
166,investigasi lancar revisi siar
167,revisi siar bikin pers pede
168,revisi siar pasti berita bebas sensor
169,revisi siar pasti investigasi jalan
170,revisi siar pasti bebas pers jamin
171,revisi siar dorong bebas ekspres media
172,revisi siar pasti investigasi nggak halang
173,hak publik informasi jamin revisi siar
174,revisi siar cipta suasana kerja aman media
175,revisi siar jaga hak publik info akurat
176,revisi siar dorong kualitas berita
177,revisi siar pasti berita investigasi batas
178,jurnalis happy banget revisi siar
179,revisi siar lindung hak jurnalis
180,revisi siar cipta suasana kerja aman media
181,revisi siar jaga bebas media total
182,media investigasi pede revisi siar
183,media bebas investigasi berkat revisi siar
184,revisi siar bikin investigasi leluasa
185,revisi siar ruang lapor investigasi
186,revisi siar jamin bebas pers intervensi
187,revisi siar jaga bebas pers batas
188,revisi siar lindung jurnalis tekan
189,revisi siar dukung penuh investigasi jurnalis
190,revisi siar support total bebas media
191,investigasi buka revisi siar
192,revisi siar bantu jurnalis tekan
193,revisi siar lindung bebas pers indonesia
194,revisi siar sempat jurnalis eksplorasi isu
195,revisi siar bikin investigasi seru
196,revisi siar dukung peran pers pilar demokrasi
197,revisi siar jamin bebas pers intervensi
198,revisi siar lindung hak jurnalis
199,revisi siar investigasi media transparan
200,revisi siar bantu jurnalis benar batas
201,revisi siar kuat fondasi jurnalisme profesional
202,revisi siar jaga bebas pers sensor
203,revisi siar jaga hak publik info
204,revisi siar dukung hak jurnalis investigasi
205,revisi siar dukung transparansi jurnalistik
206,revisi siar tingkat profesionalisme jurnalis
207,revisi siar jamin berita investigasi nggak batas
208,revisi siar tingkat kualitas berita
209,revisi siar dukung hak jurnalis investigasi
210,revisi siar investigasi media transparan
211,revisi siar jaga hak masyarakat informasi
212,revisi siar pasti media independen
213,revisi siar dorong inovasi jurnalisme investigatif
214,revisi siar jamin bebas pers nggak batas
215,revisi siar kuat fondasi jurnalisme profesional
216,revisi siar tingkat profesionalisme jurnalis
217,revisi siar dukung kembang jurnalisme investigatif
218,revisi siar jaga bebas pers sepenuh
219,revisi siar dorong agam perspektif berita
220,investigasi top banget revisi siar
221,revisi siar jaga bebas pers oke
222,revisi siar super keren nggak larang berita investigasi
223,bangga mitra gelar workshop liput kolaboratif queer pimpin agama progresif barubaru jakarta temu jurnalis bicara komunitas muka agama
224,mari jaga hak jurnalistik investigasi bebas dapat indonesia yuk share dapat kolom komentar
225,jurnalisme pilar demokrasi kuat
226,ruu siar kandung poin kontroversial picu debat batas konten tingkat wenang perintah
227,potensial kebiri bebas pers kompak tolak ruu siar
228,ruu siar rancang dpr nilai muat pasal kontroversial komunitas pers potensi bungkam bebas pers simak video
229,smg hpn tdk panggung sambut mrk tdk peduli tdk hormat sdh norma dunia int
230,revisi siar ancam jurnalis hadap tantang awal demokrasi tantang lengkap
231,polemik ruu siar amat singgung picu bebas pers
232,ijti sulsel tolak revisi ancam merdeka pers ikat jurnalis televisi indonesia sulawesi selatan ijti sulsel sikap tolak revisi rancang undangundang ruu
233,
234,bebas pers dasar kontrol
235,pasalpasal draft revisi siar nilai bahaya amp tumpang tindih dgn pers dampak pasalpasal kontroversial tahan obrolin amp
236,undangundang siar atas tantang jurnalisme ruang digital ancam bebas ekspres
237,undang undang atas tantang pers ruang digital ancam bebas ekspres isi rencana larang siar program investigasi kebiri pers
238,tolak pasal ancam merdeka pers revisi siar ijti seru aksi
239,nggak nonton ice cold
240,dewan pers stakeholders kait tolak revisi undangundang siar bahas dpr salah alas pasal larang media tayang hasil liput investigasi
241,perintah dpr revisi undangundang nomor siar
242,narasumber hendra pasuhuk editor senior siar indonesia sinam majelis anggota moderator masduki guru ilmu komunikasi informasi sila hubung
243,larang tayang eksklusif jurnalisme investigasi upaya tutup mata benar larang tayang eksklusif jurnalisme investigasi tutup mata benar masyarakat
244,aktivis bawa poster jurnalis anggota aji kumpul sambut ingat bebas pers dunia mei
245,regulasi ancam lindung data pribadi ite siar faktor
246,dewan pers jaga lindung bebas pers lembaga tegak hukum
247,dasar data aliansi jurnalis independen persen laku keras jurnalis polisi angka catat
248,raya jurnalis berani suara benar terima kasih dedikasi jaga pilar demokrasi
249,pers karya jurnalistik larang pers sepenuh bebas indonesia selamat bebas pers dunia
250,repost standardisasi instrumen tani pers bebas bertanggungjawab pilih harus
251,pers topang demokrasi bebas batas selamat bebas pers dunia mei
252,isu lingkung pergola ikut patut bagi masyarakat mari harga tekun kerja keras berani jurnalis bentuk
253,pers bebas bertanggungjawab pilih harus bebas pers dunia dedikasi jurnalisme amp bebas ekspres konteks krisis lingkung global
254,halo jurnalis selamat raya dunia sekjen pbb desak lindung
255,tepat bebas dunia mana ingat perintah hormat bebas pers
256,tepat bebas dunia mana ingat perintah hormat bebas pers
257,orde kenal bebas pers mediamedia berani kritik perintah anggap ganggu bredel bredel media gera bebas pers
258,pers topang demokrasi bebas batas
259,wartawan jerat ite jelas acara kondang acong latif delinewstv jakarta acara kondang acong latif kuasa hukum satu jurnalis sampang pjs
260,pres publisher rights batas bebas pers
261,teror bebas pers makassar lepas muncul duga upaya bangkrut media ungkap lbh pers makasasr koalisi advokasi jurnalis sulawesi selatan
262,pres publisher rights teken jokowi pasti batas bebas pers
263,nasihat prof bagir man capres bebas pers
264,capres tandatangani piagam komitmen bebas pers
265,pers jaga demokrasi benar pers nasional momen harga dedikasi cerah masyarakat selamat pers nasional
266,tulis galih winata resha allen magang editor gayuh hana waskito ilustrator nabillah faisal
267,selamat ingat pers nasional apresiasi besar dedikasi jurnalis informasi akurat imbang masyarakat
268,aja mao ama awak mediabgm klo dah bungkam bebas pers
269,suara internasional lapor sorot tindas tiongkok jimmy lai hong kong cheng lei australia trend global guna tuduh aman nasional bungkam jurnalis
270,guna hukum bungkam jurnalis dunia tiongkok tahan wartawan kait matamata subversi
271,aksi keroyok jurnalis tribunambon ancam bebas pers
272,pers hadap intervensi penting kriminalisasi podcast papar kondisi jurnalis tantang warta warga buat konten
273,halang tugas jurnalis manajemen bank sultra paham atur ijti pidana baca
274,lokakarya kemerdekan pers kapoldasu komitmen lindung jurnalis
275,diri editor newsclick prabir purkayastha kepala sumber daya manusia amit chakravarty tangkap selasa malam
276,awak media usir reporter ktt jakarta dampak buruk indonesia analis insiden protokoler komen
277,dewan pers apresiasi hadir forum pimpin redaksi multimedia indonesia fprmi
278,tindak keras nama apa kawankawan jurnalis jalan tugas sesuai pasal undangundang ketua dewan pers ninik rahayu
279,akses perangkat nilai risiko harap teman komunitas pers lbh peduli lindung selamat berita harga nyawa
280,yuk rapat diskusi langsung keras jurnalis tingkat memitigasinya selasa juni wib twitter space
281,sps awal transformasi bisnis media bangkit
282,bebas pers penting pers kalimat rangkum rangkai acara ingat bebas pers dunia
283,halo raya lanjut ayo gabung seru tanggal juni daftar
284,salam tim project multatuli acara selenggara project multatuli dukung
285,putar film dokumenter wisisi nit meke sabtu juni wib auditorium erasmus huis jakarta nonton registrasi taut
286,acara selenggara project multatuli dukung
287,copyright strike modus bungkam pers
288,halo sobat rangka ingat bebas pers dunia redaksi bahas salah jurnalis fenomenal masa yuk simak slide zydnahzar
289,sekretaris jenderal pbb antonio guterres keluar seru jurnalis media dunia sumber
290,selamat bebas pers dunia moga cermin asa lindung hak asasi manusia jadi profesi jurnalis hormat lantar informasi akurat masyarakat
291,ingat sorot dampak teknologi bebas ekspres selamat jurnalis lanjut media
292,kuhp ancam bebas pers tanah air
293,kuhp ancam sidang paripuna dpr selasa desember kelam demokrasi indonesia pasal dpr kesah sidang paripuna
294,ketua aji jayapura lucky ireeuw jurnalis tolak rkuhp lantar pasal ancam bebas pers pasal
295,dewan pers sowan gubernur ntb lengkap
296,baca lengkap
297,calvin william pimpin redaksi salah lembaga pers mahasiswa lpm salah universitas negeri nama medan jaga nama kampus alas intervensi lpm
298,coba cek deh tuntut zaman ekspresi toko amp tan tokopedia bebas ongkir lho
299,indonesia hilang juang bebas pers azyumardi azra baca lengkap
300,guru dekat ricuh rekam fajar laku kasar kamera rampas rekam hapus
301,wartawan sudan bentuk serikat independen bela bebas
302,jurnalis finlandia adil bebas pers langka
303,mahkamah agung republik batal putus salah jurnalis berita duga korupsi putra walikota perkara tentu indonesia
304,aji tuntut pasal bahaya cabut
305,pasal rancang kitab undangundang hukum pidana rkuhp nilai ancam ancam bebas pers rkuhp simpan pasalpasal potensi batas bebas pers
306,azyumardi azra ruu kuhp bahaya potensi berangus bebas pers bebas aspirasi
307,jurnalis korban pasal multi tafsir kkj desak bebas pers lindung rkuhp
308,pamer dead press society media alternatif independen desain pamer sigit pratama this play kuras foto ricky yudhistira adrian mulya felix jody johan
309,pamer dead press society mari kunjung nikmat pamer media alternatif independen indonesia hadir agam karyakarya jurnalistik tema demokrasi mei jam wib erasmus huis kuningan jakarta
310,pamer dead press society desain pamer sigit pratama this play kuras foto ricky yudhistira adrian mulya
311,pamer dead press society mari kunjung nikmat pamer media alternatif independen pamer fotofoto jurnalistik mei wib erasmus huis jakarta
312,diri hadap temanteman jurnalis putus ubah usaha jurnalis
313,gerilya media mungil sekutu jaga demokrasi sabtu mei wib erasmus huis jakarta siar langsung kanal youtube project multatuli
314,dead press society taut diskusi pamer taut panggung budaya serta offline batas sedia undang
315,yuk ikut twitter space diskusi dgn audiens model kolaborasi media alternatif independen rabu mei jam wib twitterspace klik
316,sabtu mei wib wib twitter space taut
317,pers gera masyarakat sipil dampak bukti indeks indonesia turun skor peringkat turun negara nilai
318,salah tolok ukur kualitas demokrasi negara sayang ruang dialog masyarakat sipil alami degradasi akibat tindak represif kontrol perintah teknologi digital
319,mei reporters without borders rsf catat indeks indonesia turun skor peringkat turun negara nilai
320,bebas pers bebas kritik tentang george orwell selamat bebas pers internasional
321,selamat bebas pers dunia
322,selamat bebas pers dunia ingat mei moga bebas pers dunia tingkat sadar bebas pers ekspres saji berita intelektual kualitas
323,esok kanada dukung harga hasil karya jurnalis dedikasi lindung maju bebas media dunia
324,walhi ntt kecam keras pukul wartawan faby latuan baca lengkap
325,kondisi amp indonesia maju aman simak jawab dlm bebas ekspres lindung aman jurnalis indonesia
326,liput berita sengaja melintir biar berita
327,rusia tambah deutsche welle daftar agen asing bebas pers ancam
328,malu
329,bebas pers salah agenda utama reformasi upn veteran jakarta
330,bebas pers indonesia rasa hasil reformasi
331,berita ironi bebas pers jurnalis alami intimidasi liput konflik wadas berita lengkap sumates baca pers suara mahasiswa independen lugas kualitas
332,menteri komunikasi informatika johnny plate sebut batas bebas pers negara indonesia
333,bentuk tega asas lex specialis derogate legi generalis bentuk kriminalisasi gugat perdata keras produk jurnalistik keliru
334,presiden klaim pilar maju bangsa negara demokrasi besar bebas pers lindung jurnalis tanah air mutlak lindung undangundang
335,pondasi bangsa indonesia bangun tradisi pers pemuda indonesia abad
336,geram parlemen polandia lolos ruu media
337,yuk cari lengkap
338,lengkap
339,pidana jurnalis cedera
340,minim pakistan media pegang prinsip sederhana percaya netralitas bangga pihak pinggir mari nal media independen pakistan
341,rabu oktober jaksa tuntut jurnalis muhammad asrul hukum pidana penjara kronologi alami jurnalis asrul
342,bekerjasama ada online film screening kisah jurnalis filipina juang bela yuk nonton ikut diskusi daftar
343,baik bebas pers indonesia
344,baik bebas pers indonesia
345,baik bebas pers indonesia
346,baik bebas pers indonesia
347,penasaran giat kelas pers yuk langsung simak poster stay tune our official instagram kelaspers for further information
348,juang juang titik indonesia merdeka
349,keras nurhadi nyata lengkap acara harap laku usut
350,selamat tetap depan awal rawat jaga bela merdeka suara nyaring usik love you
351,negara buruk pandemi simak catat lengkap
352,kontribusi toriq hadad indonesia selamat jalan mas toriq
353,haloo tanggal mei ingat bebas pers internasional moga bebas pers tingkat kualitas demokrasi selamat pers internasional
354,kenang jurnalis tinggal jalan tugas awak media hilang nyawa jamin nyawa jurnalis ancam bahaya informasi barang publik
355,selamat dunia pers milik hak kritik bijak keluar legislatif eksekutif yudikatif peran pers negara demokrasi nobat pilar empat demokrasi
356,bebas pers dunia pers instrumen cerah tingkat kualitas manusia makhluk rasional moral sosial thomas jefferson selamat bebas pers dunia
357,yuk samasama henti keras jurnalis milik peran tingkat tahu
358,presiden jokowi ingat bebas pers dunia sebut indonesia negara pers bebas gairah dunia
359,norwegia finlandia swedia disebutsebut negara milik bebas dunia
360,dcktrp prov dki jakarata selamat bebas pers dunia ingat tuju tingkat sadar bebas pers hormat junjung hak bebas suara
361,mudah akses informasi sumber baca sebar era selamat bebas pers dunia
362,selamat ingat bebas pers internasional
363,selamat bebas pers dunia world press freedom day
364,selamat bebas pers internasional mei mari kawal peran bangun literasi jurnalistik sejahtera masyarakat indonesia dunia
365,selamat ingat bebas pers dunia sobat jurnalis tanah air semangat saji informasi faktual imbang marak hoaks edar masyarakat
366,selamat bebas pers dunia mei
367,liput keras laku keras tau tindak arogansi siar tindak arogan
368,terbit surat telegram kapolri preseden buruk bebas pers
369,telegram kapolri nilai bungkam bebas pers
370,mabes polri harga giat jurnalistik awak media
371,
372,intimidasi keras jurnalis ancam kebebebasan pers pasal nomor pers laksana profesi wartawan lindung hukum baca lengkap
373,tulis nadya rajagukguk editor benediktus brian illustrator syadza
374,terima kasih frans alex mendur selamat pers nasional februari
375,sungguh sedih acara adu argumen kelas pamit tau bang biar ombak menghadang habis gelap terbit terang
376,jurnalisme bungkam sastra bicara seno gumira ajidarma
377,warta temu raka amalia azahrah syarifah nuraini jurnalis hilang liput jakarta
378,dpr gagal dpr bohong dpr penghianat dpr penghianat
379,dpr gagal dpr bohong dpr bohong dpr penghianat dpr penghianat
380,dpr gagal dpr bohong dpr bohong dpr penghianat dpr penghianat
381,sekolah tolong bgt kakak mahasiswasiapapun wenang tolong laku indonesia
382,dpr gagal dpr bohong dpr bohong dpr penghianat dpr penghianat
383,fix valid debat kesah lindung balik pandemi
384,dpr gagal dpr bohong dpr bohong dpr penghianat dpr penghianat
385,argumen bagus buruk relevan dpr gagal dpr bohong dpr bohong dpr penghianat dpr penghianat
386,dpr gagal dpr bohong dpr bohong dpr penghianat dpr penghianat
387,gabener bgt kocak aneh lucu jegal batal dpr gagal dpr bohong dpr bohong dpr penghianat dpr penghianat
388,turun kelapagan demo tkp rumah ramai tagar online mbah dukun tolong bantu arah pasu
389,negara ubah dpr gagal dpr bohong dpr bohong dpr penghianat dpr penghianat
390,take down poto pribadi dlu gue mas sayang keluarga gada tau perintah tindak kejam rakjel kayak gin
391,rindu poster besok kuliah alih gedung dpr dpr gagal dpr bohong dpr bohong dpr penghianat dpr penghianat
392,takut suspend hak suara dpr gagal dpr bohong dpr bohong dpr penghianat dpr penghianat
393,takut suspend hak suara dpr gagal dpr bohong dpr bohong dpr penghianat dpr penghianat
394,vonis diananta lonceng mati pers indonesia
395,world press freedom day ingat mei cedera upaya kriminalisasi insan pers hari telah polda kalsel tahan diananta eks pimred dgn tuduh langgar ite
396,rangkai diskusi jurnalisme era pandemi sila kawankawan
397,ijti sambut cabut pasal pers ruu ciptaker cabut pasal kait bebas pers rkuhp rilis kolom komen
398,ikat jurnalis televisi indonesia ijti sambut cabut pasal pers ruu ciptaker ijti dorong rkuhp
399,aktivis jurnalis gelar aksi solidaritas mantan pemred diananta putera sumedi sidang
400,aksi solidaritas jurnalisaktivis adil diananta
401,yuk bersamasama dukung ruu cipta kerja salam bonus demografi
402,mantap nih ruu ciptaker bikin pers fasilitas
403,ramai twitter hri penuh dokter tirta pdip gerindra ramai kantor gua mlh rame ngomongin lindung pers bebas dapat lindung biar demokrasi jaga
404,ramai banget nih jouska lisa black pink gak batas pers negara
405,ketua dewan pers kualitas merdeka pers tingkat
406,gina fita makna ingat kebebesan pers internasional momen solidaritas jurnalis awal demokrasi tegak hak asasi manusia amp merdeka dapat
407,jalan
408,era safira dapat jurnalis mudah tugas emban berat harap era jurnalis indonesia ajar henti ajar
409,alfath tauhid harap pers masa revolusi digital tuntut cepat imbang akurat simak lengkap video
410,bayu andriyanto harap moga insan pers indonesia suara penting khalayak jaga marwah pilar demokrasi simak lengkap video
411,dita faisal harap insan pers jurnalis lindung hukum perintah pusat asosiasi simak lengkap video
412,lawan pena kerangkeng baja bungkam suara dingin penjara biar katakata merdeka bebas diananta
413,rizky darmansyah harap momentum perintah komitmen bebas pers indonesia yuk simak lengkap video
414,hidup mahasiswa selamat bebas pers internasional moga pers dunia pers idealis junjung benar anti provokasi moga jurnalis sejahtera keindependensian jaga
415,moga senantiasa sehat sukses lawan berita hoax international press freedom day gorigori sulawesi indonesia
416,diskusi selamat terimakasih forum suara bebas
417,ingat wpfd inisiatif bela jurnalis dunia hadap tindas
418,tengah pandemi perintah bijak lahir sensor intimidasi batas jurnalis
419,pandemi jurnalis tahan asia organisasi dunia desak bebas
420,momentum wpfd warning tantang dihdapi jurnalis rang informasi keras intimidasi tmasuk negara
421,dampak dihdapi jurnalis stres cemas tingkat ubah pola kerja hilang dapat kurang apd liput sulit temu sumber independen
422,dampak rasa jurnalis pandemi riset temu meningkatknya stres cemas
423,tantang hadap jurnalis global agam sikap sahabat aparat negara kurang sadar publik ttg peran pers
424,ubah bebas pers banding sila ikut diskusi mei
425,indeks indonesia rsf peringkat timor leste malaysia
426,lapor keluar lembaga reporters without borders kali malaysia hasil salip peringkat indonesia
427,peringkat bebas pers indonesia stagnan angka negara
428,selamat pers nasional tanggal februari mitra catat jurnalis indonesia sepenuh laksana kerja aman
429,salam persma puisi rangkak bebas bebas pers bebas kritik tentang george orwell tulis rifqah dita editor dewi bayu desain layout wadimr
430,selamat pers nasional februari kunjung
431,tahun ingat esensi ingat keras jurnalis tangan serius negara simak taut
432,moga bebas pers indonesia jaga depan pilar demokrasi agenda setting maju pers indonesia
433,pokok gitu ngomong pnting bikin hebohviral masyarakatnetijen benarsalah urus ralat org dirugiin pura aja ngga tau
434,menkominfo persekusi wartawan tugas
435,rkuhp ancam bebas pers dapat hukum
436,bebas pers ancam dewan pers gelar safari
437,jurnalistirto narasi mabes polri lapor duga keras terima personnel polisi liput aksi mahasiswa tolak kpk rkuhp duajurnaliskorbankekerasa
438,agung dhamajaya anggota dewan pers rilis statement pidana kandung pasal karet potensi halang kerja jurnalistik baca lengkap taut
439,sepenuh sepakat
440,nastiti ajeng bebas pers jamin undangundang bebas pers laksana sebebasbebasnya indonesia
441,kalo kritik suruh jabat publik
442,selamat jalan habibie cepet pasang bendera stengah tiang pasti paham dukung wowo
443,lhohati dlm tulis berita
444,buah simalakama bebas pers
445,nilai angka agregat skala fredoom house nilai indonesia milik lingkung media dinamis agam indonesia bangun maju signifikan politik media
446,indonesia dukung upaya dunia internasional bangun jejaring temanteman jurnalis dukung jurnalisme warga atur konflik pascakonflik menteri komunikasi informatika rudiantara
447,hai twips tau sih jamin ragu suara dapat muka santun
448,bilang bebas media nilai barat nilai laku universal guys media hak ayo
449,merdeka pers bisnis sehat
450,perintah indonesia komitmen dukung tingkat upaya atas keras jurnalis institusi multilateral asosiasi jurnalis organisasi sipil
451,indonesia salah negara demokrasi besar dunia jamin bebas dapat muka ruang insan pers
452,indonesia bebas pers freedom the press jamin hak konstitusional atur undangundang nomor pers pasal ayat bunyi merdeka pers jamin hak asasi warga negara
453,perintah mana mesti milik komitmen juang jurnalis dukung akses layan hukum latih menteri komunikasi informatika rudiantara
454,apa bentuk intimidasi insan pers hal serang hak asasi manusia ham menteri komunikasi informatika rudiantara
455,nih isi lindung indonesia mari guys
456,bicara bebas media unsur sistem demokrasi media peran dorong cipta masyarakat kritis demokratis menteri komunikasi informatika rudiantara
457,tahu insan pers indonesia lindung perintah ruang insan pers dapat muka bebas pers atur nomor pasal ayat
458,tau aja aja tau isi jamin bebas pers indonesia hayuu simak netizen
459,insan pers indonesia lindung bebas pers atur
460,keebebasan media nilai barat nilai universal baik lindung masyarakat penyalahgunaan kuasa bantu negara gali potensi jeremy hunt menteri negeri inggris
461,indonesia komitmen dukung tingkat upaya atas keras jurnalis institusi multilateral asosiasi jurnalis organisasi sipil
462,indonesia jamin
463,perintah mana milik komitmen juang jurnalis dukung akses layan hukum latih rudiantara menteri kominfo
464,indonesia dasar hukum perintah tong kosong nyaring bunyi mari bagi
465,simak nih kata jeremy hunt tri negri inggris biasa kuy
466,kaum nyinyiers perintah batas bebas pers indonesia tatap baikbaik daftar sukursukur indonesia
467,malam sabtu enak fakta kuak indonesia masuk daftar baik asia tenggara indeks wuiih kudu bangga yakan
468,hai guys sih kalo indonesia salah negara lho peringkat dunia nih ayo
469,menteri rudiantara rancang internasional gagas upaya dorong negara serta konferensi global pbb organisasi internasional
470,salah outputnya cipta kerangka nasional rencana aksi aman temanteman jurnalis
471,tuju bagus solidaritas perintah ekosistem pers
472,perintah komitmen kuat bebas media sinergi masyarakat sipil organisasi media ahli komunikasi rencana visioner
473,upaya komitmen negara hadir dukung kerja entitas media resiko ancam keras menteri kominfo rudiantara london
474,indonesia komitmen dukung tingkat upaya atas keras jurnalis institusi multilateral asosiasi jurnalis organisasi sipil
475,jem hunt menlu inggris dapat gagas beliau bebas media nilai universal baik utk lindung masyarakat penyalahgunaan kuasa dgn negara dpt gali potensi
476,menteri rancang internasional gagas dlm global conference media freedom london upaya dorong negara serta konferense pbb organisasi internasional
477,situ salah outputnya utk cipta kerangka nasional rencana aksi aman temanteman jurnalis
478,tuju sinergi bagus smua solidaritas perintah ekosistem pers
479,sinergi masyarakat sipil organisasi media ahli komunikasi kumpul rencana visioner
480,perintah komitmen utk kuat bebas media cakup sinergi dgn masyarakat sipil organisasi media ahli komunikasi
481,menteri kominfo upaya sbg komitmen smua negara hadir dukung utk kerja entitas media resiko ancam keras
482,negara anut hak azasi manusia negara komitmen utk dukung tingkat upaya atas keras jurnalis institusi multirateral asosiasi jurnalis organisasi sipil
483,hai twips udah baca keren
484,indeks bebas pers indonesia tempat posisi baik asia tenggara indeks negara demokrasi besar dunia indonesia jamin bebas dapat muka ruang insan pers
485,menteri rudiantara rancang internasional gagas upaya dorong negara serta konferensi global pbb organisasi internasional
486,salah outputnya cipta kerangka nasional rencana aksi aman temanteman jurnalis
487,tuju bagus solidaritas perintah ekosistem pers
488,perintah komitmen kuat bebas media sinergi masyarakat sipil organisasi media ahli komunikasi rencana visioner
489,upaya komitmen negara hadir dukung kerja entitas media resiko ancam keras menteri kominfo rudiantara london
490,indonesia komitmen dukung tingkat upaya atas keras jurnalis institusi multilateral asosiasi jurnalis organisasi sipil
491,selamat siang sodarakoh lanjutin yuk bangga negara salah contoh negara aku bebas pers
492,menteri rudiantara rancang internasional gagas upaya dorong negara serta konferensi global pbb organisasi internasional
493,salah outputnya cipta kerangka nasional rencana aksi aman temanteman jurnalis
494,tuju bagus solidaritas perintah ekosistem pers
495,perintah komitmen kuat bebas media sinergi masyarakat sipil organisasi media ahli komunikasi rencana visioner
496,upaya komitmen negara hadir dukung kerja entitas media resiko ancam keras menteri kominfo rudiantara london
497,indonesia komitmen dukung tingkat upaya atas keras jurnalis institusi multilateral asosiasi jurnalis organisasi sipil
498,indonesia dukung rancang internasional bebas media
499,indonesia komitmen jamin bebas dapat muka ruang insan pers indonesia aktif kampanye global
500,muncul perintah cerdas bijaksana bersih bebas pers masyarakat peristiwa kerja perintah muncul mekanisme check and balance
501,indeks indonesia baik nomer asia tenggara manthumbs
502,indonesia komitmen jamin utama dukung programprogram daya kerja media
503,atur pers pasal ayat bunyi merdeka pers jamin hak asasi warga negara
504,indah negeri bebas pers lindung hakhak tegak
505,indonesia komitmen dukung amp tingkat upaya atas keras jurnalis institusi multilateral asosiasi jurnalis organisasi sipil
506,keras bentuk usir serang fisik pidana karya jurnalistik duuuh kasihan jurnalis alami
507,dipungkiri jalan tugas jurnalis rentan keras amp persekusi indonesia tingkat
508,yuhuu guys indonesia dukung rancang internasional bebas media lho
509,sepakat dgn menteri smoga global conference media freedom eksistensi media smakin positif kontribusi nyata dunia aamiin
510,fyi aja jamin sbg hak konstitusional atur dlm pers pasal ayat merdeka pers jamin sbg hak asasi warga negara
511,btw global conference media freedom wujud komitmen negara dunia utk susun komitmen thd tingkat kualitas sdm
512,twips jurnalis aja dukung nya jurnalisme warga citizen jornalism lho
513,akses layan hukum latih dukung juang perintah komitmen penuh
514,deh perintah bener komitmen bebas pers
515,yuk baca
516,menteri hak bebas media informasi masyarakat terima informasi dgn mesti lindung
517,global conference media freedom london menteri media jurnalis dpt sumber percaya kalang masyarakat utk mendaptkan informasi percaya cepat akurat
518,tri kominfo komitmen utk rang edar hoax salah satu adl bekerjasama dgn tegak hukum
519,lantas perintah utk berantas hoax
520,salah outputnya utk cipta kerangka nasional rencana aksi aman teman teman jurnalis
521,tuju bagus krn smua solidaritas perintah dgn ekosistem pers
522,perintah komitmen kuat bebas media sinergi dgn masyarakat sipil organisasi media ahli komunikasi dll utk rencana visioner
523,caracaranya link
524,udah tau edar hoax trus berantas hoax utas
525,dukung solidaritas perintah ekosistem pers
526,negara tinggal diam tanggulang tanggungtanggung dukung rancang internasional bebas media
527,profesi jurnalis mudah persekusi usir serang fisik pidana karya jurnalistik
528,perintah suka batas peran media cek artikel
529,indonesia dukung upaya dunia internasional bangun jaring dukung temanteman jurnalis dukung citizen journalism atur konflik pascakonflik rudiantara menteri kominfo
530,moga global conference for media freedom eksistensi media positif kontribusi nyata dunia menteri kominfo rudiantara
531,indonesia bebas pers jamin hak konstitusional atur pers pasal ayat merdeka pers jamin hak asasi warga negara
532,global conference for media freedom gelar perintah inggris kanada susun komitmen lindung jurnalis jalan tugas
533,rudiantara london perintah komitmen lindung hakhak bebas media informasi masyarakat terima informasi
534,menteri kominfo rudiantara global conference media freedom london inggris media jurnalis bantu masyarakat informasi cepat akurat
535,menteri kominfo komitmen rang edar berita palsu hoax salah satu tegak hukum
536,menteri rudiantara rancang internasional gagas upaya dorong negara serta konferensi global pbb organisasi internasional
537,perintah komitmen kuat bebas media sinergi masyarakat sipil organisasi media ahli komunikasi rencana visioner
538,indonesia komitmen dukung tingkat upaya atas keras jurnalis institusi multilateral asosiasi jurnalis organisasi sipil
539,kategori keras cakup usir serang fisik pidana karya jurnalistik
540,profesi jurnalis jalan tugas rentan keras persekusi indonesia alami tingkat
541,indonesia dukung dunia internasional cipta kebebesan pers kalang wartawan ges
542,fakta indonesia salah negara contoh kebebsan pers bagus
543,prabowo bangun isu curang media asing
544,prabowo manuver bukti betapa cundang terima kalah fakta
545,prabowo cundang undang media asing main isu curang milu
546,prabowo sebut pihakpihak sengaja rusak nilainilai luhur demokrasi cermin marak curang milu
547,negarawan terima kalah ngaku tni lemah provokasi media asing jual isu murah negeri negeri
548,puas deklarasi kemenangangan berjilidjilid sujud syukur mendelegetimasi kpu prabowo kubu upaya caracara licik main emosi people power
549,cundang semat prabowo subianto teriak lantang anti asing kenyatraannya undang media sing provokasi isu kecurangn milu
550,prabowo media asing provokasi isu curang milu
551,prabowo paksa dunia percaya menang persen
552,halusinasi menang persen umum dunia
553,kalah pilpres prabowo rela antek asing
554,wartawan lsm perintah gabung juli acara konferensi dituanrumahi amp bahas bebas pers bela media sensor penjara amp siksa info
555,ingat bebas pers dunia jatuh mei tahu indonesia duduk urut negara bebas pers bahaya sumber reporters without borders
556,fakta benar bebas ekspres fundamental biar suara berani bungkam selamat dunia
557,hadir dlm raya bebas pers dunia tema media utk demokrasijurnalisme amp milu disinformasi diskusi jurnalis dewan pers nasional amp diplomat peran utk demokrasi
558,world press freedom may asosiasi mesia siber indonesia amsi klik
559,speak utk bebas bpendapat amp btanggung freedom press ripple selamat bebas pers internasional stop keras wartawan
560,speak utk bebas bpendapat amp btanggung freedom press sociomile selamat bebas pers internasional stop keras wartawan
561,wami selamat bebas pers internasional stop keras jurnalis wami pers adlh mitra dlm menyebarluaskan informasi kredibel hak cipta moga benar utama
562,bebas pers internasional selamat bebas pers internasional pers instrumen plg dlm cerah amp tingkat kualitas manusia sbg mahluk rasional moral amp sosial thomas jefferson
563,tahu wartawan bunuh ribu serang ganggu tahan penjara bela bebas ekspres
564,bebas ekspres bebas pers demokrasi bela dunia
565,bantu lembaga media hindar tekan penting waspada omong kosong
566,dewan pers gelar diskusi publik tema bebas pers bayangbayang kriminalisasi hukum siber kantor jakarta pusat rabu
567,ada berita muncul kuasa
568,jurnalis hamba penting amp hak masyarakat informasi jgn tunduk kpd ancam
569,satria piting gang tangan satria hapus video rekam kronologi
570,pacik amp macik sila rapat diskusi urun rembug
571,selamat ulang one pers pihak hidup pers indonesia
572,persma bandung raya bebas pers wujud
573,bebas pers tonggak stabil sosial refleksi dewasa demokrasi bangsa
574,selamat pers nasional mari hindar hoax literasi
575,presiden cabut resmi
576,untuk hormat biar kecewa percaya
577,bebas pers mutlak kerap urus polisi
578,panggil jurnalis amp bukti amp dlm bahaya
579,butuh hak suara takut
580,tuduh dana teroris turki adil wartawan manajemen koran oposisi cumhuriyet
581,bebas pers eks tanggung hoax
582,world press freedom keras jurnalis tingkat
583,unesco tekan selamat jurnalis tugas
584,mei bebas pers internasional
585,wartawan tangkap
586,oktober langgar
587,bunuh wartawan luka
588,langgar koran bebas media wilayah palestina
589,lapor ham palestina kali langgar bebas pers
590,awas keras jurnalis ancam bebas pers
591,mau pers indonesia ajar peristiwa kapal tujuh provinsi
592,usung tema habib rizieq bidik tayang ilc bredel
593,usung tema habib rizieq bidik tayang ilc bredel
594,usung tema habib rizieq bidik tayang ilc bredel
595,intevensi perintah thd
596,bebas pers indonesia peringkat dunia
597,hak konsumen korban nama bebas pers
598,indeks kebebaan pers bahan diskusi wartawan jayapura
599,kampanye
600,bela usir liput simposium orde
601,generasi mandiri selamat bebas pers internasional mei
602,kritik dikit bilang makar makar tuh integritas
603,bungkam pers abuse power jaksa agung jaksa takut langsung bungkam
604,jaksa alergi kritik kah takut benar
605,framing negatif negatif framenya isi isi institusi busuk maling teriak maling
606,jaksa panik kayak tikus siram air fitnah nyata kuak
607,ngaku tegak hukum laku kayak bajing seragam kritik langsung kriminalisasi emang dasar otak tempe
608,jaksa takut fitnah takut aib bongkar ngungkap jadi sangka mental kecut kelas kakap
609,nggak diberitain jelek kerja bener goblok tangkep orang ngasih cermin
610,jaksa ngaku lembaga hukum laku kayak preman pasar kritik dikit langsung main borgol
611,abuse power jaksa kritik dikit ajah langsung bungkam negara demokrasi antj kritik sampe panik takut main nya bener tau
612,uang bicara
613,perintah indonesia kalo gni trs ambruk
614,negara negara jaksa hahahahah
615,jaksa dah ulah mulu saldo atm msih kah
616,kritik dikit
617,demokrasi butuh bebas bicara intimidasi jaksa anying
618,demokrasi butuh bebas bicara intimidasi jaksa anying
619,jaksa jancok
620,demokrasi butuh bebas bicara intimidasi jaksa anying
621,jaksa woy makan
622,jaksa kerja
623,jaksa tai
624,jagung tahiiii
625,jaksa gagal beda kritik jahat
626,jaksa doyan sensi investigasi
627,jaksa sibuk urus berita lupa urus adil
628,jaksa lembaga hukum lembaga baper
629,media kritis anggap musuh demokrasi tinggal nama
630,klarifikasi kriminalisasi
631,cepat tangkap jurnalis koruptor
632,jaksa tai
633,pers bungkam jahat biar rajalela
634,jaksa takut sorot bongkar
635,jaksa mau media corong kontrol
636,demokrasi butuh bebas bicara intimidasi jaksa anying
637,jaksa dewa takut kritik
638,suka transparansi takut tahu
639,jaksa rumah tahan kritik
640,gimana kalo kasih wenang instansi
641,jabat gila anti kritik
642,bersih panik berita
643,kritik bungkam gilaa
644,negara demokrasi instansi anti kritik
645,jaksa tegak hukum tegak asa singgung
646,demokrasi butuh bebas bicara intimidasi jaksa anying
647,demokrasi butuh bebas bicara intimidasi
648,adil harap aparat hukum anti transparansi alergi kritik
649,jaksa anti kritik
650,pers pilar demokrasi musuh negara jagung laku teroris
651,tega hukum tega takut sayang jagung alat
652,berita anggap serang ban fakta kriminalisasi
653,jaksa alergi benar butuh periksa nurani
654,demokrasi butuh bebas bicara intimidasi jaksa anying
655,jaksa alergi benar butuh periksa nurani
656,pers bungkam jahat biar rajalela
657,jaksa mau media corong kontrol
658,demokrasi butuh bebas bicara intimidasi jaksa anying
659,kritik anggap makar jajah diamdiam
660,demokrasi butuh bebas bicara intimidasi jaksa anying
661,demokrasi butuh bebas bicara intimidasi jaksa anying
662,demokrasi butuh bebas bicara intimidasi jaksa anying
663,jaksa tai
664,jaksa tai
665,jaksa tai
666,jaksa tai
667,harli bilang berita koreksi jaksa koreksi pakai borgol
668,demokrasi butuh bebas bicara intimidasi
669,negara jaksa agung kali mah
670,jagung anti kritik
671,jabat gila anti kritik
672,demokrasi butuh bebas bicara intimidasi
673,gimana kalo kasih wenang instansi
674,demokrasi butuh bebas bicara intimidasi
675,demokrasi butuh bebas bicara intimidasi
676,demokrasi butuh bebas bicara intimidasi
677,mari suara
678,demokrasi butuh bebas bicara intimidasi
679,demokrasi butuh bebas bicara intimidasi
680,demokrasi butuh bebas bicara intimidasi
681,jagung jancok
682,hukum tegak bebas bekap
683,jaksa takut debat hukum alat dendam
684,jaksa tai
685,jaksa tai
686,jaksa tai
687,jaksa tai
688,jaksa tai
689,jaksa tai
690,jaksa tai
691,jaksa tai
692,jaksa tai
693,jaksa tai
694,jaksa tai
695,jaksa tai
696,jaksa tai
697,jaksa tai
698,miris suara beda bungkam demokrasi ruang jalan
699,kritik mesti pandang bentuk perhati musuh demokrasi tumbuh subur ruang dialog jaga
700,jaksa anti kritik
701,harap jaksa kritik langsung ngebungkam
702,negara demokrasi instansi anti kritik
703,gimana kalo kasih wenang instansi
704,jabat gila anti kritik
705,jaksa anti kritik
706,styrofoam buka hussein isi kepala babi langsung bawa kotak kardus gedung kotak kardus buka kepala babi telinga potong
707,hussein buka kotak cium bau busuk buka kardus
708,cica pulang liput hussein abri yusuf muda dongoran informasi paket kirim untuk bawa kotak kardus kantor
709,kotak isi kepala babi cica wartawan desk politik host siar bocor alus politik
710,rabu maret kantor tempo kirim paket kepala babi simpan kardus kotak lapis styrofoam
711,ekor media online liput demo
